{"cameraMode":{"drawMode":0,"name":"Shaded","section":"Shading Mode"},"sceneLighting":false,"audioPlay":false,"sceneViewState":{"m_AlwaysRefresh":false,"showFog":true,"showSkybox":false,"showFlares":true,"showImageEffects":true,"showParticleSystems":true,"showVisualEffectGraphs":true,"m_FxEnabled":true},"in2DMode":false,"pivot":{"x":0.08467590808868408,"y":3.7264623641967775,"z":-0.21199369430541993},"rotation":{"x":-0.07816486060619354,"y":0.04096044600009918,"z":-0.0032167143654078247,"w":-0.9961122274398804},"size":30.35820770263672,"orthographic":false}